JobID|JobName|Partition|NodeList|ReqMem|AllocCPUS|Elapsed|State
11699753_0|DGB-XGB_openml|zen5_mpi|node700|60G|1|00:10:19|FAILED
11699753_1|DGB-XGB_openml|zen5_mpi|node700|60G|1|00:11:42|FAILED
11699753_2|DGB-XGB_openml|zen5_mpi|node700|60G|1|00:12:49|FAILED
11699753_3|DGB-XGB_openml|zen5_mpi|node700|60G|1|00:10:26|FAILED
11699753_4|DGB-XGB_openml|zen5_mpi|node703|60G|1|00:17:10|FAILED
11699753_5|DGB-XGB_openml|zen5_mpi|node704|60G|1|00:18:49|FAILED
11699753_6|DGB-XGB_openml|zen5_mpi|node705|60G|1|00:18:16|FAILED
11699753_7|DGB-XGB_openml|zen5_mpi|node707|60G|1|03:35:28|FAILED
11699753_8|DGB-XGB_openml|zen5_mpi|node709|60G|1|00:12:43|FAILED
11699753_9|DGB-XGB_openml|zen5_mpi|node709|60G|1|00:13:01|FAILED
11699753_10|DGB-XGB_openml|zen5_mpi|node714|60G|1|03:43:47|FAILED
11699753_11|DGB-XGB_openml|zen5_mpi|node714|60G|1|00:15:13|FAILED
11699753_12|DGB-XGB_openml|zen5_mpi|node714|60G|1|00:09:28|FAILED
11699753_13|DGB-XGB_openml|zen5_mpi|node717|60G|1|03:03:24|FAILED
11699753_14|DGB-XGB_openml|zen5_mpi|node719|60G|1|00:15:09|FAILED
11699753_15|DGB-XGB_openml|zen5_mpi|node741|60G|1|00:38:34|FAILED
11699753_16|DGB-XGB_openml|zen5_mpi|node742|60G|1|00:08:37|FAILED
11699753_17|DGB-XGB_openml|zen5_mpi|node742|60G|1|00:07:11|FAILED
11699753_18|DGB-XGB_openml|zen5_mpi|node742|60G|1|19:35:32|CANCELLED by 2510528
11699754_0|LSSboost_openml|zen5_mpi|node742|60G|1|00:07:54|FAILED
11699754_1|LSSboost_openml|zen5_mpi|node742|60G|1|00:09:40|FAILED
11699754_2|LSSboost_openml|zen5_mpi|node743|60G|1|00:09:22|FAILED
11699754_3|LSSboost_openml|zen5_mpi|node743|60G|1|00:05:39|FAILED
11699754_4|LSSboost_openml|zen5_mpi|node743|60G|1|00:10:01|FAILED
11699754_5|LSSboost_openml|zen5_mpi|node743|60G|1|00:10:32|FAILED
11699754_6|LSSboost_openml|zen5_mpi|node743|60G|1|00:12:19|FAILED
11699754_7|LSSboost_openml|zen5_mpi|node743|60G|1|00:16:25|FAILED
11699754_8|LSSboost_openml|zen5_mpi|node743|60G|1|00:06:53|FAILED
11699754_9|LSSboost_openml|zen5_mpi|node704|60G|1|00:09:44|FAILED
11699754_10|LSSboost_openml|zen5_mpi|node743|60G|1|02:30:51|FAILED
11699754_11|LSSboost_openml|zen5_mpi|node743|60G|1|00:10:47|FAILED
11699754_12|LSSboost_openml|zen5_mpi|node742|60G|1|00:05:40|FAILED
11699754_13|LSSboost_openml|zen5_mpi|node742|60G|1|00:43:26|FAILED
11699754_14|LSSboost_openml|zen5_mpi|node742|60G|1|00:09:34|FAILED
11699754_15|LSSboost_openml|zen5_mpi|node714|60G|1|00:26:53|FAILED
11699754_16|LSSboost_openml|zen5_mpi|node743|60G|1|00:09:33|FAILED
11699754_17|LSSboost_openml|zen5_mpi|node742|60G|1|00:04:51|FAILED
11699754_18|LSSboost_openml|zen5_mpi|node743|60G|1|20:30:42|OUT_OF_MEMORY
11699785_0|LSSboost_openml|zen5_mpi|node700|60G|1|00:08:57|FAILED
11699785_1|LSSboost_openml|zen5_mpi|node700|60G|1|00:12:36|FAILED
11699785_2|LSSboost_openml|zen5_mpi|node743|60G|1|00:12:33|FAILED
11699785_3|LSSboost_openml|zen5_mpi|node704|60G|1|00:08:28|FAILED
11699785_4|LSSboost_openml|zen5_mpi|node700|60G|1|00:10:14|FAILED
11699785_5|LSSboost_openml|zen5_mpi|node743|60G|1|00:13:16|FAILED
11699785_6|LSSboost_openml|zen5_mpi|node700|60G|1|00:15:16|FAILED
11699785_7|LSSboost_openml|zen5_mpi|node709|60G|1|00:33:31|FAILED
11699785_8|LSSboost_openml|zen5_mpi|node709|60G|1|00:11:58|FAILED
11699785_9|LSSboost_openml|zen5_mpi|node719|60G|1|00:11:41|FAILED
11699785_10|LSSboost_openml|zen5_mpi|node742|60G|1|03:48:11|FAILED
11699785_11|LSSboost_openml|zen5_mpi|node708|60G|1|00:15:02|FAILED
11699785_12|LSSboost_openml|zen5_mpi|node714|60G|1|00:06:56|FAILED
11699785_13|LSSboost_openml|zen5_mpi|node719|60G|1|01:03:05|FAILED
11699785_14|LSSboost_openml|zen5_mpi|node742|60G|1|00:11:56|FAILED
11699785_15|LSSboost_openml|zen5_mpi|node743|60G|1|00:30:01|FAILED
11699785_16|LSSboost_openml|zen5_mpi|node703|60G|1|00:09:58|FAILED
11699785_17|LSSboost_openml|zen5_mpi|node705|60G|1|00:05:02|FAILED
11699785_18|LSSboost_openml|zen5_mpi|node742|60G|1|22:39:34|CANCELLED by 2510528
11699787_0|LSSboost_openml|zen5_mpi|node743|60G|1|00:09:03|FAILED
11699787_1|LSSboost_openml|zen5_mpi|node704|60G|1|00:14:11|FAILED
11699787_2|LSSboost_openml|zen5_mpi|node743|60G|1|00:12:08|FAILED
11699787_3|LSSboost_openml|zen5_mpi|node700|60G|1|00:06:35|FAILED
11699787_4|LSSboost_openml|zen5_mpi|node704|60G|1|00:13:19|FAILED
11699787_5|LSSboost_openml|zen5_mpi|node714|60G|1|00:12:32|FAILED
11699787_6|LSSboost_openml|zen5_mpi|node700|60G|1|00:15:39|FAILED
11699787_7|LSSboost_openml|zen5_mpi|node700|60G|1|00:23:45|FAILED
11699787_8|LSSboost_openml|zen5_mpi|node705|60G|1|00:08:03|FAILED
11699787_9|LSSboost_openml|zen5_mpi|node743|60G|1|00:12:08|FAILED
11699787_10|LSSboost_openml|zen5_mpi|node719|60G|1|04:04:13|FAILED
11699787_11|LSSboost_openml|zen5_mpi|node709|60G|1|00:20:30|FAILED
11699787_12|LSSboost_openml|zen5_mpi|node714|60G|1|00:06:01|FAILED
11699787_13|LSSboost_openml|zen5_mpi|node700|60G|1|01:02:26|FAILED
11699787_14|LSSboost_openml|zen5_mpi|node742|60G|1|00:11:55|FAILED
11699787_15|LSSboost_openml|zen5_mpi|node742|60G|1|00:34:55|FAILED
11699787_16|LSSboost_openml|zen5_mpi|node742|60G|1|00:11:24|FAILED
11699787_17|LSSboost_openml|zen5_mpi|node742|60G|1|00:05:59|FAILED
11699787_18|LSSboost_openml|zen5_mpi|node742|60G|1|21:09:52|CANCELLED by 2510528
11699788_0|LSSboost_openml|zen5_mpi|node743|60G|1|00:06:05|FAILED
11699788_1|LSSboost_openml|zen5_mpi|node703|60G|1|00:07:21|FAILED
11699788_2|LSSboost_openml|zen5_mpi|node742|60G|1|00:10:58|FAILED
11699788_3|LSSboost_openml|zen5_mpi|node743|60G|1|00:05:20|FAILED
11699788_4|LSSboost_openml|zen5_mpi|node700|60G|1|00:09:57|FAILED
11699788_5|LSSboost_openml|zen5_mpi|node708|60G|1|00:10:26|FAILED
11699788_6|LSSboost_openml|zen5_mpi|node705|60G|1|00:12:23|FAILED
11699788_7|LSSboost_openml|zen5_mpi|node743|60G|1|00:19:29|FAILED
11699788_8|LSSboost_openml|zen5_mpi|node714|60G|1|00:05:35|FAILED
11699788_9|LSSboost_openml|zen5_mpi|node742|60G|1|00:06:34|FAILED
11699788_10|LSSboost_openml|zen5_mpi|node743|60G|1|02:20:12|FAILED
11699788_11|LSSboost_openml|zen5_mpi|node710|60G|1|00:15:19|FAILED
11699788_12|LSSboost_openml|zen5_mpi|node743|60G|1|00:05:40|FAILED
11699788_13|LSSboost_openml|zen5_mpi|node704|60G|1|00:53:06|FAILED
11699788_14|LSSboost_openml|zen5_mpi|node704|60G|1|00:11:56|FAILED
11699788_15|LSSboost_openml|zen5_mpi|node703|60G|1|00:18:37|FAILED
11699788_16|LSSboost_openml|zen5_mpi|node714|60G|1|00:08:07|FAILED
11699788_17|LSSboost_openml|zen5_mpi|node743|60G|1|00:05:32|FAILED
11699788_18|LSSboost_openml|zen5_mpi|node714|60G|1|07:10:26|OUT_OF_MEMORY
11699804_0|DGB-XGB_openml|zen5_mpi|node714|60G|1|00:08:38|FAILED
11699804_1|DGB-XGB_openml|zen5_mpi|node742|60G|1|00:15:35|FAILED
11699804_2|DGB-XGB_openml|zen5_mpi|node700|60G|1|00:14:11|FAILED
11699804_3|DGB-XGB_openml|zen5_mpi|node700|60G|1|00:09:51|FAILED
11699804_4|DGB-XGB_openml|zen5_mpi|node742|60G|1|00:14:51|FAILED
11699804_5|DGB-XGB_openml|zen5_mpi|node742|60G|1|00:19:11|FAILED
11699804_6|DGB-XGB_openml|zen5_mpi|node742|60G|1|00:23:03|FAILED
11699804_7|DGB-XGB_openml|zen5_mpi|node743|60G|1|03:15:44|FAILED
11699804_8|DGB-XGB_openml|zen5_mpi|node708|60G|1|00:13:19|FAILED
11699804_9|DGB-XGB_openml|zen5_mpi|node743|60G|1|00:12:51|FAILED
11699804_10|DGB-XGB_openml|zen5_mpi|node714|60G|1|04:32:31|FAILED
11699804_11|DGB-XGB_openml|zen5_mpi|node705|60G|1|00:19:58|FAILED
11699804_12|DGB-XGB_openml|zen5_mpi|node704|60G|1|00:12:15|FAILED
11699804_13|DGB-XGB_openml|zen5_mpi|node709|60G|1|00:00:03|FAILED
11699804_14|DGB-XGB_openml|zen5_mpi|node714|60G|1|00:17:16|FAILED
11699804_15|DGB-XGB_openml|zen5_mpi|node709|60G|1|00:43:43|FAILED
11699804_16|DGB-XGB_openml|zen5_mpi|node709|60G|1|00:10:27|FAILED
11699804_17|DGB-XGB_openml|zen5_mpi|node743|60G|1|00:06:53|FAILED
11699804_18|DGB-XGB_openml|zen5_mpi|node700|60G|1|18:49:01|CANCELLED by 2510528
11716762_0|LSSboost_openml|zen5_mpi|node700|60G|1|00:07:17|FAILED
11716762_1|LSSboost_openml|zen5_mpi|node701|60G|1|00:08:42|FAILED
11716762_2|LSSboost_openml|zen5_mpi|node703|60G|1|00:07:55|FAILED
11716762_3|LSSboost_openml|zen5_mpi|node712|60G|1|00:05:04|FAILED
11716762_4|LSSboost_openml|zen5_mpi|node712|60G|1|00:09:04|FAILED
11716762_5|LSSboost_openml|zen5_mpi|node712|60G|1|00:09:23|FAILED
11716762_6|LSSboost_openml|zen5_mpi|node713|60G|1|00:10:34|FAILED
11716762_7|LSSboost_openml|zen5_mpi|node715|60G|1|00:17:05|FAILED
11716762_8|LSSboost_openml|zen5_mpi|node718|60G|1|00:06:36|FAILED
11716762_9|LSSboost_openml|zen5_mpi|node718|60G|1|00:07:23|FAILED
11716762_10|LSSboost_openml|zen5_mpi|node740|60G|1|01:27:25|CANCELLED by 2510528
11716762_11|LSSboost_openml|zen5_mpi|node740|60G|1|00:15:29|FAILED
11716762_12|LSSboost_openml|zen5_mpi|node740|60G|1|00:08:44|FAILED
11716762_13|LSSboost_openml|zen5_mpi|node742|60G|1|00:40:40|FAILED
11716762_14|LSSboost_openml|zen5_mpi|node742|60G|1|00:08:27|FAILED
11716762_15|LSSboost_openml|zen5_mpi|node743|60G|1|00:30:12|FAILED
11716762_16|LSSboost_openml|zen5_mpi|node708|60G|1|00:07:00|FAILED
11716762_17|LSSboost_openml|zen5_mpi|node712|60G|1|00:03:44|FAILED
11716762_18|LSSboost_openml|zen5_mpi|node718|60G|1|01:20:49|CANCELLED by 2510528
11716779_0|LSSboost_openml|zen5_mpi|node700|60G|1|00:05:55|FAILED
11716779_1|LSSboost_openml|zen5_mpi|node718|60G|1|00:07:59|FAILED
11716779_2|LSSboost_openml|zen5_mpi|node703|60G|1|00:08:10|FAILED
11716779_3|LSSboost_openml|zen5_mpi|node742|60G|1|00:05:03|FAILED
11716779_4|LSSboost_openml|zen5_mpi|node701|60G|1|00:09:09|FAILED
11716779_5|LSSboost_openml|zen5_mpi|node712|60G|1|00:09:17|FAILED
11716779_6|LSSboost_openml|zen5_mpi|node712|60G|1|00:11:48|FAILED
11716779_7|LSSboost_openml|zen5_mpi|node740|60G|1|00:23:44|FAILED
11716779_8|LSSboost_openml|zen5_mpi|node712|60G|1|00:06:05|FAILED
11716779_9|LSSboost_openml|zen5_mpi|node713|60G|1|00:04:42|FAILED
11716779_10|LSSboost_openml|zen5_mpi|node708|60G|1|01:15:10|CANCELLED by 2510528
11716779_11|LSSboost_openml|zen5_mpi|node700|60G|1|00:10:40|FAILED
11716779_12|LSSboost_openml|zen5_mpi|node742|60G|1|00:05:25|FAILED
11716779_13|LSSboost_openml|zen5_mpi|node713|60G|1|00:37:35|FAILED
11716779_14|LSSboost_openml|zen5_mpi|node718|60G|1|00:10:36|FAILED
11716779_15|LSSboost_openml|zen5_mpi|node740|60G|1|00:24:53|FAILED
11716779_16|LSSboost_openml|zen5_mpi|node712|60G|1|00:07:40|FAILED
11716779_17|LSSboost_openml|zen5_mpi|node703|60G|1|00:03:41|FAILED
11716779_18|LSSboost_openml|zen5_mpi|node705|60G|1|01:10:36|CANCELLED by 2510528
11716780_0|LSSboost_openml|zen5_mpi|node715|60G|1|00:09:02|FAILED
11716780_1|LSSboost_openml|zen5_mpi|node706|60G|1|00:10:38|FAILED
11716780_2|LSSboost_openml|zen5_mpi|node701|60G|1|00:09:56|FAILED
11716780_3|LSSboost_openml|zen5_mpi|node712|60G|1|00:05:55|FAILED
11716780_4|LSSboost_openml|zen5_mpi|node706|60G|1|00:09:58|FAILED
11716780_5|LSSboost_openml|zen5_mpi|node742|60G|1|00:12:09|FAILED
11716780_6|LSSboost_openml|zen5_mpi|node703|60G|1|00:13:51|FAILED
11716780_7|LSSboost_openml|zen5_mpi|node712|60G|1|00:22:47|FAILED
11716780_8|LSSboost_openml|zen5_mpi|node712|60G|1|00:08:08|FAILED
11716780_9|LSSboost_openml|zen5_mpi|node700|60G|1|00:09:57|FAILED
11716780_10|LSSboost_openml|zen5_mpi|node712|60G|1|01:02:08|CANCELLED by 2510528
11716780_11|LSSboost_openml|zen5_mpi|node715|60G|1|00:14:29|FAILED
11716780_12|LSSboost_openml|zen5_mpi|node718|60G|1|00:08:16|FAILED
11716780_13|LSSboost_openml|zen5_mpi|node701|60G|1|00:58:27|CANCELLED by 2510528
11716780_14|LSSboost_openml|zen5_mpi|node706|60G|1|00:09:55|FAILED
11716780_15|LSSboost_openml|zen5_mpi|node706|60G|1|00:29:06|FAILED
11716780_16|LSSboost_openml|zen5_mpi|node743|60G|1|00:10:17|FAILED
11716780_17|LSSboost_openml|zen5_mpi|node743|60G|1|00:05:10|FAILED
11716780_18|LSSboost_openml|zen5_mpi|node742|60G|1|00:55:17|CANCELLED by 2510528
11716781_0|LSSboost_openml|zen5_mpi|node712|60G|1|00:08:43|FAILED
11716781_1|LSSboost_openml|zen5_mpi|node740|60G|1|00:14:57|FAILED
11716781_2|LSSboost_openml|zen5_mpi|node700|60G|1|00:10:02|FAILED
11716781_3|LSSboost_openml|zen5_mpi|node703|60G|1|00:05:44|FAILED
11716781_4|LSSboost_openml|zen5_mpi|node718|60G|1|00:11:34|FAILED
11716781_5|LSSboost_openml|zen5_mpi|node743|60G|1|00:13:01|FAILED
11716781_6|LSSboost_openml|zen5_mpi|node706|60G|1|00:14:55|FAILED
11716781_7|LSSboost_openml|zen5_mpi|node743|60G|1|00:26:38|FAILED
11716781_8|LSSboost_openml|zen5_mpi|node703|60G|1|00:06:26|FAILED
11716781_9|LSSboost_openml|zen5_mpi|node740|60G|1|00:14:37|FAILED
11716781_10|LSSboost_openml|zen5_mpi|node742|60G|1|00:45:57|CANCELLED by 2510528
11716781_11|LSSboost_openml|zen5_mpi|node712|60G|1|00:13:48|FAILED
11716781_12|LSSboost_openml|zen5_mpi|node715|60G|1|00:06:32|FAILED
11716781_13|LSSboost_openml|zen5_mpi|node712|60G|1|00:42:16|CANCELLED by 2510528
11716781_14|LSSboost_openml|zen5_mpi|node700|60G|1|00:10:26|FAILED
11716781_15|LSSboost_openml|zen5_mpi|node718|60G|1|00:35:21|FAILED
11716781_16|LSSboost_openml|zen5_mpi|node703|60G|1|00:07:55|FAILED
11716781_17|LSSboost_openml|zen5_mpi|node703|60G|1|00:04:47|FAILED
11716781_18|LSSboost_openml|zen5_mpi|node703|60G|1|00:38:35|CANCELLED by 2510528
11716783_0|LSSboost_openml|zen5_mpi|node715|60G|1|00:07:01|FAILED
11716783_1|LSSboost_openml|zen5_mpi|node740|60G|1|00:13:35|FAILED
11716783_2|LSSboost_openml|zen5_mpi|node743|60G|1|00:09:17|FAILED
11716783_3|LSSboost_openml|zen5_mpi|node703|60G|1|00:05:13|FAILED
11716783_4|LSSboost_openml|zen5_mpi|node713|60G|1|00:07:42|FAILED
11716783_5|LSSboost_openml|zen5_mpi|node706|60G|1|00:09:16|FAILED
11716783_6|LSSboost_openml|zen5_mpi|node700|60G|1|00:11:49|FAILED
11716783_7|LSSboost_openml|zen5_mpi|node712|60G|1|00:15:59|FAILED
11716783_8|LSSboost_openml|zen5_mpi|node715|60G|1|00:06:18|FAILED
11716783_9|LSSboost_openml|zen5_mpi|node740|60G|1|00:10:53|FAILED
11716783_10|LSSboost_openml|zen5_mpi|node703|60G|1|00:30:55|CANCELLED by 2510528
11716783_11|LSSboost_openml|zen5_mpi|node743|60G|1|00:11:12|FAILED
11716783_12|LSSboost_openml|zen5_mpi|node703|60G|1|00:06:31|FAILED
11716783_13|LSSboost_openml|zen5_mpi|node706|60G|1|00:28:17|CANCELLED by 2510528
11716783_14|LSSboost_openml|zen5_mpi|node713|60G|1|00:07:13|FAILED
11716783_15|LSSboost_openml|zen5_mpi|node715|60G|1|00:25:07|CANCELLED by 2510528
11716783_16|LSSboost_openml|zen5_mpi|node740|60G|1|00:11:23|FAILED
11716783_17|LSSboost_openml|zen5_mpi|node706|60G|1|00:03:59|FAILED
11716783_18|LSSboost_openml|zen5_mpi|node703|60G|1|00:21:26|CANCELLED by 2510528
11716785_0|LSSboost_openml|zen5_mpi|node740|60G|1|00:09:00|FAILED
11716785_1|LSSboost_openml|zen5_mpi|node743|60G|1|00:07:31|FAILED
11716785_2|LSSboost_openml|zen5_mpi|node700|60G|1|00:09:09|FAILED
11716785_3|LSSboost_openml|zen5_mpi|node706|60G|1|00:05:11|FAILED
11716785_4|LSSboost_openml|zen5_mpi|node713|60G|1|00:08:01|FAILED
11716785_5|LSSboost_openml|zen5_mpi|node743|60G|1|00:10:23|FAILED
11716785_6|LSSboost_openml|zen5_mpi|node712|60G|1|00:12:28|FAILED
11716785_7|LSSboost_openml|zen5_mpi|node706|60G|1|00:13:11|CANCELLED by 2510528
11716785_8|LSSboost_openml|zen5_mpi|node740|60G|1|00:10:43|FAILED
11716785_9|LSSboost_openml|zen5_mpi|node743|60G|1|00:05:54|FAILED
11716785_10|LSSboost_openml|zen5_mpi|node740|60G|1|00:10:33|CANCELLED by 2510528
11716785_11|LSSboost_openml|zen5_mpi|node700|60G|1|00:09:29|CANCELLED by 2510528
11716785_12|LSSboost_openml|zen5_mpi|node713|60G|1|00:04:47|FAILED
11716785_13|LSSboost_openml|zen5_mpi|node743|60G|1|00:06:20|CANCELLED by 2510528
11716785_14|LSSboost_openml|zen5_mpi|node743|60G|1|00:05:16|CANCELLED by 2510528
11716785_15|LSSboost_openml|zen5_mpi|node713|60G|1|00:04:13|CANCELLED by 2510528
11716785_16|LSSboost_openml|zen5_mpi|node718|60G|1|00:04:13|CANCELLED by 2510528
11716785_17|LSSboost_openml|zen5_mpi|node743|60G|1|00:02:38|CANCELLED by 2510528
11716785_18|LSSboost_openml|zen5_mpi|node743|60G|1|00:02:38|CANCELLED by 2510528
11717065_0|DGB-XGB_openml|zen5_mpi|node743|90G|1|00:01:05|FAILED
11717065_1|DGB-XGB_openml|zen5_mpi|node743|90G|1|00:01:05|FAILED
11717065_2|DGB-XGB_openml|zen5_mpi|node743|90G|1|00:01:05|FAILED
11717065_3|DGB-XGB_openml|zen5_mpi|node743|90G|1|00:00:58|FAILED
11717065_4|DGB-XGB_openml|zen5_mpi|node743|90G|1|00:00:59|FAILED
11717065_5|DGB-XGB_openml|zen5_mpi|node743|90G|1|00:01:05|FAILED
11717065_6|DGB-XGB_openml|zen5_mpi|node712|90G|1|00:01:09|FAILED
11717065_7|DGB-XGB_openml|zen5_mpi|node740|90G|1|00:01:09|FAILED
11717065_8|DGB-XGB_openml|zen5_mpi|node743|90G|1|00:00:51|FAILED
11717065_9|DGB-XGB_openml|zen5_mpi|node743|90G|1|00:00:50|FAILED
11717065_10|DGB-XGB_openml|zen5_mpi|node742|90G|1|00:01:11|FAILED
11717065_11|DGB-XGB_openml|zen5_mpi|node743|90G|1|00:00:54|FAILED
11717065_12|DGB-XGB_openml|zen5_mpi|node743|90G|1|00:00:54|FAILED
11717065_13|DGB-XGB_openml|zen5_mpi|node743|90G|1|00:00:54|FAILED
11717065_14|DGB-XGB_openml|zen5_mpi|node743|90G|1|00:00:51|FAILED
11717065_15|DGB-XGB_openml|zen5_mpi|node712|90G|1|00:01:05|FAILED
11717065_16|DGB-XGB_openml|zen5_mpi|node740|90G|1|00:00:59|FAILED
11717065_17|DGB-XGB_openml|zen5_mpi|node743|90G|1|00:00:53|FAILED
11717065_18|DGB-XGB_openml|zen5_mpi|node743|90G|1|00:02:53|FAILED
11717352_0|DGB-XGB_openml|zen5_mpi|node700|90G|1|00:00:51|FAILED
11717352_1|DGB-XGB_openml|zen5_mpi|node701|90G|1|00:00:57|FAILED
11717352_2|DGB-XGB_openml|zen5_mpi|node703|90G|1|00:00:53|FAILED
11717352_3|DGB-XGB_openml|zen5_mpi|node703|90G|1|00:00:53|FAILED
11717352_4|DGB-XGB_openml|zen5_mpi|node706|90G|1|00:00:57|FAILED
11717352_5|DGB-XGB_openml|zen5_mpi|node713|90G|1|00:00:57|FAILED
11717352_6|DGB-XGB_openml|zen5_mpi|node715|90G|1|00:00:58|FAILED
11717352_7|DGB-XGB_openml|zen5_mpi|node718|90G|1|00:00:59|FAILED
11717352_8|DGB-XGB_openml|zen5_mpi|node740|90G|1|00:00:59|FAILED
11717352_9|DGB-XGB_openml|zen5_mpi|node740|90G|1|00:01:00|FAILED
11717352_10|DGB-XGB_openml|zen5_mpi|node742|90G|1|00:00:49|FAILED
11717352_11|DGB-XGB_openml|zen5_mpi|node742|90G|1|00:00:49|FAILED
11717352_12|DGB-XGB_openml|zen5_mpi|node742|90G|1|00:00:50|FAILED
11717352_13|DGB-XGB_openml|zen5_mpi|node743|90G|1|00:00:54|FAILED
11717352_14|DGB-XGB_openml|zen5_mpi|node743|90G|1|00:00:54|FAILED
11717352_15|DGB-XGB_openml|zen5_mpi|node743|90G|1|00:00:54|FAILED
11717352_16|DGB-XGB_openml|zen5_mpi|node743|90G|1|00:00:54|FAILED
11717352_17|DGB-XGB_openml|zen5_mpi|node743|90G|1|00:00:54|FAILED
11717352_18|DGB-XGB_openml|zen5_mpi|node743|90G|1|00:02:49|FAILED
11717358_0|DGB-XGB_openml|zen5_mpi|node743|90G|1|00:00:54|FAILED
11717358_1|DGB-XGB_openml|zen5_mpi|node708|90G|1|00:00:50|FAILED
11717358_2|DGB-XGB_openml|zen5_mpi|node712|90G|1|00:00:48|FAILED
11717358_3|DGB-XGB_openml|zen5_mpi|node712|90G|1|00:00:49|FAILED
11717358_4|DGB-XGB_openml|zen5_mpi|node718|90G|1|00:00:49|FAILED
11717358_5|DGB-XGB_openml|zen5_mpi|node740|90G|1|00:00:57|FAILED
11717358_6|DGB-XGB_openml|zen5_mpi|node700|90G|1|00:00:50|FAILED
11717358_7|DGB-XGB_openml|zen5_mpi|node701|90G|1|00:00:53|FAILED
11717358_8|DGB-XGB_openml|zen5_mpi|node703|90G|1|00:00:45|FAILED
11717358_9|DGB-XGB_openml|zen5_mpi|node703|90G|1|00:00:45|FAILED
11717358_10|DGB-XGB_openml|zen5_mpi|node706|90G|1|00:00:46|FAILED
11717358_11|DGB-XGB_openml|zen5_mpi|node713|90G|1|00:00:45|FAILED
11717358_12|DGB-XGB_openml|zen5_mpi|node715|90G|1|00:00:48|FAILED
11717358_13|DGB-XGB_openml|zen5_mpi|node718|90G|1|00:00:52|FAILED
11717358_14|DGB-XGB_openml|zen5_mpi|node740|90G|1|00:01:02|FAILED
11717358_15|DGB-XGB_openml|zen5_mpi|node740|90G|1|00:01:00|FAILED
11717358_16|DGB-XGB_openml|zen5_mpi|node742|90G|1|00:00:49|FAILED
11717358_17|DGB-XGB_openml|zen5_mpi|node742|90G|1|00:00:50|FAILED
11717358_18|DGB-XGB_openml|zen5_mpi|node742|90G|1|00:00:50|FAILED
11717362_0|DGB-XGB_openml|zen5_mpi|node743|90G|1|00:00:52|FAILED
11717362_1|DGB-XGB_openml|zen5_mpi|node743|90G|1|00:00:49|FAILED
11717362_2|DGB-XGB_openml|zen5_mpi|node743|90G|1|00:00:52|FAILED
11717362_3|DGB-XGB_openml|zen5_mpi|node743|90G|1|00:00:52|FAILED
11717362_4|DGB-XGB_openml|zen5_mpi|node743|90G|1|00:00:52|FAILED
11717362_5|DGB-XGB_openml|zen5_mpi|node743|90G|1|00:00:52|FAILED
11717362_6|DGB-XGB_openml|zen5_mpi|node708|90G|1|00:00:49|FAILED
11717362_7|DGB-XGB_openml|zen5_mpi|node712|90G|1|00:00:49|FAILED
11717362_8|DGB-XGB_openml|zen5_mpi|node712|90G|1|00:00:50|FAILED
11717362_9|DGB-XGB_openml|zen5_mpi|node718|90G|1|00:00:51|FAILED
11717362_10|DGB-XGB_openml|zen5_mpi|node740|90G|1|00:00:56|FAILED
11717362_11|DGB-XGB_openml|zen5_mpi|node700|90G|1|00:00:51|FAILED
11717362_12|DGB-XGB_openml|zen5_mpi|node701|90G|1|00:00:48|FAILED
11717362_13|DGB-XGB_openml|zen5_mpi|node703|90G|1|00:00:45|FAILED
11717362_14|DGB-XGB_openml|zen5_mpi|node703|90G|1|00:00:44|FAILED
11717362_15|DGB-XGB_openml|zen5_mpi|node706|90G|1|00:00:47|FAILED
11717362_16|DGB-XGB_openml|zen5_mpi|node713|90G|1|00:00:45|FAILED
11717362_17|DGB-XGB_openml|zen5_mpi|node715|90G|1|00:00:51|FAILED
11717362_18|DGB-XGB_openml|zen5_mpi|node718|90G|1|00:00:51|FAILED
11717522_0|LSSboost_openml|zen4|node617|60G|1|00:01:19|FAILED
11717522_1|LSSboost_openml|zen5_mpi|node740|60G|1|00:00:50|FAILED
11717522_2|LSSboost_openml|zen5_mpi|node740|60G|1|00:00:50|FAILED
11717522_3|LSSboost_openml|zen5_mpi|node742|60G|1|00:00:41|FAILED
11717522_4|LSSboost_openml|zen5_mpi|node742|60G|1|00:00:41|FAILED
11717522_5|LSSboost_openml|zen5_mpi|node742|60G|1|00:00:42|FAILED
11717522_6|LSSboost_openml|zen5_mpi|node743|60G|1|00:00:45|FAILED
11717522_7|LSSboost_openml|zen5_mpi|node743|60G|1|00:00:46|FAILED
11717522_8|LSSboost_openml|zen5_mpi|node743|60G|1|00:00:46|FAILED
11717522_9|LSSboost_openml|zen5_mpi|node743|60G|1|00:00:44|FAILED
11717522_10|LSSboost_openml|zen5_mpi|node743|60G|1|00:00:47|FAILED
11717522_11|LSSboost_openml|zen5_mpi|node743|60G|1|00:00:46|FAILED
11717522_12|LSSboost_openml|zen5_mpi|node743|60G|1|00:00:45|FAILED
11717522_13|LSSboost_openml|zen5_mpi|node743|60G|1|00:00:45|FAILED
11717522_14|LSSboost_openml|zen5_mpi|node743|60G|1|00:00:45|FAILED
11717522_15|LSSboost_openml|zen4|node617|60G|1|00:00:50|FAILED
11717522_16|LSSboost_openml|zen5_mpi|node708|60G|1|00:00:42|FAILED
11717522_17|LSSboost_openml|zen5_mpi|node712|60G|1|00:00:40|FAILED
11717522_18|LSSboost_openml|zen5_mpi|node712|60G|1|00:00:40|FAILED
11717524_0|LSSboost_openml|zen5_mpi|node718|60G|1|00:00:45|FAILED
11717524_1|LSSboost_openml|zen5_mpi|node740|60G|1|00:00:50|FAILED
11717524_2|LSSboost_openml|zen4|node617|60G|1|00:00:45|FAILED
11717524_3|LSSboost_openml|zen5_mpi|node700|60G|1|00:00:02|FAILED
11717524_4|LSSboost_openml|zen5_mpi|node701|60G|1|00:00:40|FAILED
11717524_5|LSSboost_openml|zen5_mpi|node703|60G|1|00:00:42|FAILED
11717524_6|LSSboost_openml|zen5_mpi|node703|60G|1|00:00:42|FAILED
11717524_7|LSSboost_openml|zen5_mpi|node703|60G|1|00:00:42|FAILED
11717524_8|LSSboost_openml|zen5_mpi|node706|60G|1|00:00:02|FAILED
11717524_9|LSSboost_openml|zen5_mpi|node713|60G|1|00:00:39|FAILED
11717524_10|LSSboost_openml|zen5_mpi|node715|60G|1|00:00:42|FAILED
11717524_11|LSSboost_openml|zen5_mpi|node718|60G|1|00:00:43|FAILED
11717524_12|LSSboost_openml|zen5_mpi|node740|60G|1|00:00:49|FAILED
11717524_13|LSSboost_openml|zen5_mpi|node740|60G|1|00:00:49|FAILED
11717524_14|LSSboost_openml|zen5_mpi|node742|60G|1|00:00:42|FAILED
11717524_15|LSSboost_openml|zen5_mpi|node742|60G|1|00:00:42|FAILED
11717524_16|LSSboost_openml|zen5_mpi|node742|60G|1|00:00:42|FAILED
11717524_17|LSSboost_openml|zen5_mpi|node743|60G|1|00:00:45|FAILED
11717524_18|LSSboost_openml|zen5_mpi|node743|60G|1|00:00:47|FAILED
11717551_0|LSSboost_openml|zen5_mpi|node743|60G|1|00:00:45|FAILED
11717551_1|LSSboost_openml|zen5_mpi|node743|60G|1|00:00:47|FAILED
11717551_2|LSSboost_openml|zen5_mpi|node743|60G|1|00:00:47|FAILED
11717551_3|LSSboost_openml|zen5_mpi|node743|60G|1|00:00:45|FAILED
11717551_4|LSSboost_openml|zen5_mpi|node743|60G|1|00:00:45|FAILED
11717551_5|LSSboost_openml|zen5_mpi|node743|60G|1|00:00:47|FAILED
11717551_6|LSSboost_openml|zen5_mpi|node743|60G|1|00:00:46|FAILED
11717551_7|LSSboost_openml|zen5_mpi|node743|60G|1|00:00:46|FAILED
11717551_8|LSSboost_openml|zen5_mpi|node700|60G|1|00:00:40|FAILED
11717551_9|LSSboost_openml|zen5_mpi|node706|60G|1|00:00:40|FAILED
11717551_10|LSSboost_openml|zen5_mpi|node708|60G|1|00:00:40|FAILED
11717551_11|LSSboost_openml|zen5_mpi|node712|60G|1|00:00:40|FAILED
11717551_12|LSSboost_openml|zen5_mpi|node712|60G|1|00:00:40|FAILED
11717551_13|LSSboost_openml|zen5_mpi|node718|60G|1|00:00:43|FAILED
11717551_14|LSSboost_openml|zen5_mpi|node740|60G|1|00:00:46|FAILED
11717551_15|LSSboost_openml|zen4|node617|60G|1|00:00:43|FAILED
11717551_16|LSSboost_openml|zen5_mpi|node701|60G|1|00:00:40|FAILED
11717551_17|LSSboost_openml|zen5_mpi|node703|60G|1|00:00:38|FAILED
11717551_18|LSSboost_openml|zen5_mpi|node703|60G|1|00:00:38|FAILED
11717574_0|LSSboost_openml|zen5_mpi|node703|60G|1|00:00:38|FAILED
11717574_1|LSSboost_openml|zen5_mpi|node713|60G|1|00:00:37|FAILED
11717574_2|LSSboost_openml|zen5_mpi|node715|60G|1|00:00:41|FAILED
11717574_3|LSSboost_openml|zen5_mpi|node718|60G|1|00:00:41|FAILED
11717574_4|LSSboost_openml|zen5_mpi|node740|60G|1|00:00:43|FAILED
11717574_5|LSSboost_openml|zen5_mpi|node740|60G|1|00:00:44|FAILED
11717574_6|LSSboost_openml|zen5_mpi|node742|60G|1|00:00:40|FAILED
11717574_7|LSSboost_openml|zen5_mpi|node742|60G|1|00:00:40|FAILED
11717574_8|LSSboost_openml|zen5_mpi|node742|60G|1|00:00:41|FAILED
11717574_9|LSSboost_openml|zen5_mpi|node743|60G|1|00:00:45|FAILED
11717574_10|LSSboost_openml|zen5_mpi|node743|60G|1|00:00:45|FAILED
11717574_11|LSSboost_openml|zen5_mpi|node743|60G|1|00:00:45|FAILED
11717574_12|LSSboost_openml|zen5_mpi|node743|60G|1|00:00:45|FAILED
11717574_13|LSSboost_openml|zen5_mpi|node743|60G|1|00:00:45|FAILED
11717574_14|LSSboost_openml|zen5_mpi|node743|60G|1|00:00:45|FAILED
11717574_15|LSSboost_openml|zen5_mpi|node743|60G|1|00:00:46|FAILED
11717574_16|LSSboost_openml|zen5_mpi|node743|60G|1|00:00:45|FAILED
11717574_17|LSSboost_openml|zen5_mpi|node743|60G|1|00:00:45|FAILED
11717574_18|LSSboost_openml|zen5_mpi|node743|60G|1|00:00:45|FAILED
11717791_0|LSSboost_openml|zen5_mpi|node712|60G|1|00:23:22|FAILED
11717791_1|LSSboost_openml|zen5_mpi|node713|60G|1|00:30:14|COMPLETED
11717791_2|LSSboost_openml|zen5_mpi|node715|60G|1|00:24:43|FAILED
11717791_3|LSSboost_openml|zen5_mpi|node718|60G|1|00:24:29|FAILED
11717791_4|LSSboost_openml|zen5_mpi|node718|60G|1|00:29:42|COMPLETED
11717791_5|LSSboost_openml|zen5_mpi|node740|60G|1|00:52:15|FAILED
11717791_6|LSSboost_openml|zen5_mpi|node740|60G|1|00:59:10|CANCELLED by 2510528
11717791_7|LSSboost_openml|zen5_mpi|node740|60G|1|00:59:10|CANCELLED by 2510528
11717791_8|LSSboost_openml|zen5_mpi|node742|60G|1|00:25:04|FAILED
11717791_9|LSSboost_openml|zen5_mpi|node742|60G|1|00:25:42|FAILED
11717791_10|LSSboost_openml|zen5_mpi|node742|60G|1|00:59:10|CANCELLED by 2510528
11717791_11|LSSboost_openml|zen5_mpi|node743|60G|1|00:40:58|FAILED
11717791_12|LSSboost_openml|zen5_mpi|node743|60G|1|00:22:53|FAILED
11717791_13|LSSboost_openml|zen4|node601|60G|1|00:58:41|CANCELLED by 2510528
11717791_14|LSSboost_openml|zen4|node601|60G|1|00:22:45|FAILED
11717791_15|LSSboost_openml|zen4|node616|60G|1|00:58:26|CANCELLED by 2510528
11717791_16|LSSboost_openml|zen4|node601|60G|1|00:30:59|COMPLETED
11717791_17|LSSboost_openml|zen4|node616|60G|1|00:13:49|FAILED
11717791_18|LSSboost_openml|zen4|node601|60G|1|00:05:54|FAILED
11717866_0|LSSboost_openml|zen4|node601|60G|1|00:23:48|FAILED
11717866_1|LSSboost_openml|zen4|node616|60G|1|00:01:19|FAILED
11717866_2|LSSboost_openml|zen4|node617|60G|1|00:03:34|FAILED
11717866_3|LSSboost_openml|zen4|node616|60G|1|00:02:10|FAILED
11717866_4|LSSboost_openml|zen4|node616|60G|1|00:03:39|FAILED
11717866_5|LSSboost_openml|zen4|node603|60G|1|00:04:02|FAILED
11717866_6|LSSboost_openml|zen4|node616|60G|1|00:04:46|FAILED
11717866_7|LSSboost_openml|zen4|node616|60G|1|00:05:13|FAILED
11717866_8|LSSboost_openml|zen4|node600|60G|1|00:02:54|FAILED
11717866_9|LSSboost_openml|zen4|node616|60G|1|00:01:12|FAILED
11717866_10|LSSboost_openml|zen4|node617|60G|1|00:41:05|CANCELLED by 2510528
11717866_11|LSSboost_openml|zen4|node603|60G|1|00:04:12|FAILED
11717866_12|LSSboost_openml|zen4|node616|60G|1|00:02:21|FAILED
11717866_13|LSSboost_openml|zen4|node616|60G|1|00:40:24|CANCELLED by 2510528
11717866_14|LSSboost_openml|zen4|node600|60G|1|00:03:22|FAILED
11717866_15|LSSboost_openml|zen4|node603|60G|1|00:01:46|FAILED
11717866_16|LSSboost_openml|zen4|node600|60G|1|00:03:03|FAILED
11717866_17|LSSboost_openml|zen4|node600|60G|1|00:01:56|FAILED
11717866_18|LSSboost_openml|zen4|node601|60G|1|00:03:21|FAILED
11717874_0|LSSboost_openml|zen4|node603|60G|1|00:03:25|FAILED
11717874_1|LSSboost_openml|zen4|node617|60G|1|00:04:41|FAILED
11717874_2|LSSboost_openml|zen4|node616|60G|1|00:03:57|FAILED
11717874_3|LSSboost_openml|zen4|node616|60G|1|00:02:34|FAILED
11717874_4|LSSboost_openml|zen4|node603|60G|1|00:04:15|FAILED
11717874_5|LSSboost_openml|zen4|node616|60G|1|00:36:20|CANCELLED by 2510528
11717874_6|LSSboost_openml|zen4|node600|60G|1|00:36:02|CANCELLED by 2510528
11717874_7|LSSboost_openml|zen5_mpi|node743|60G|1|00:08:03|FAILED
11717874_8|LSSboost_openml|zen4|node601|60G|1|00:02:53|FAILED
11717874_9|LSSboost_openml|zen4|node603|60G|1|00:03:25|FAILED
11717874_10|LSSboost_openml|zen4|node600|60G|1|00:35:29|CANCELLED by 2510528
11717874_11|LSSboost_openml|zen4|node600|60G|1|00:35:19|CANCELLED by 2510528
11717874_12|LSSboost_openml|zen5_mpi|node715|60G|1|00:34:25|CANCELLED by 2510528
11717874_13|LSSboost_openml|zen4|node616|60G|1|00:17:54|FAILED
11717874_14|LSSboost_openml|zen4|node601|60G|1|00:34:04|CANCELLED by 2510528
11717874_15|LSSboost_openml|zen4|node603|60G|1|00:12:10|FAILED
11717874_16|LSSboost_openml|zen5_mpi|node742|60G|1|00:33:54|CANCELLED by 2510528
11717874_17|LSSboost_openml|zen4|node616|60G|1|00:16:16|FAILED
11717874_18|LSSboost_openml|zen5_mpi|node742|60G|1|00:02:59|FAILED
11717875_0|LSSboost_openml|zen4|node601|60G|1|00:22:37|CANCELLED by 2510528
11717875_1|LSSboost_openml|zen4|node617|60G|1|00:04:00|FAILED
11717875_2|LSSboost_openml|zen4|node603|60G|1|00:22:16|CANCELLED by 2510528
11717875_3|LSSboost_openml|zen4|node603|60G|1|00:21:49|CANCELLED by 2510528
11717875_4|LSSboost_openml|zen4|node617|60G|1|00:18:21|CANCELLED by 2510528
11717875_5|LSSboost_openml|zen4|node601|60G|1|00:04:18|FAILED
11717875_6|LSSboost_openml|zen4|node601|60G|1|00:00:03|FAILED
11717875_7|LSSboost_openml|zen4|node601|60G|1|00:07:11|FAILED
11717875_8|LSSboost_openml|zen4|node601|60G|1|00:01:16|FAILED
11717875_9|LSSboost_openml|zen4|node603|60G|1|00:03:19|FAILED
11717875_10|LSSboost_openml|zen4|node601|60G|1|00:10:56|CANCELLED by 2510528
11717875_11|LSSboost_openml|zen5_mpi|node705|60G|1|00:04:42|FAILED
11717875_12|LSSboost_openml|zen5_mpi|node715|60G|1|00:01:26|FAILED
11717875_13|LSSboost_openml|zen4|node603|60G|1|00:08:08|CANCELLED by 2510528
11717875_14|LSSboost_openml|zen5_mpi|node715|60G|1|00:04:24|FAILED
11717875_15|LSSboost_openml|zen4|node601|60G|1|00:07:50|CANCELLED by 2510528
11717875_16|LSSboost_openml|zen4|node616|60G|1|00:03:22|FAILED
11717875_17|LSSboost_openml|zen4|node616|60G|1|00:02:19|FAILED
11717875_18|LSSboost_openml|zen5_mpi|node705|60G|1|00:02:58|FAILED
11717984_0|LSSboost_openml|zen4|node616|60G|1|00:00:16|CANCELLED by 2510528
11717984_[2-3,8-9,12,14,17-18]|LSSboost_openml|zen4,zen5_mpi|None assigned|60G|0|00:00:00|CANCELLED by 2510528
11717985_0|LSSboost_openml|zen4|node616|60G|1|00:03:03|FAILED
11717985_2|LSSboost_openml|zen5_mpi|node715|60G|1|00:03:38|FAILED
11717985_3|LSSboost_openml|zen4|node616|60G|1|00:02:09|FAILED
11717985_8|LSSboost_openml|zen5_mpi|node705|60G|1|00:02:16|FAILED
11717985_9|LSSboost_openml|zen4|node616|60G|1|00:02:42|FAILED
11717985_12|LSSboost_openml|zen4|node616|60G|1|00:02:22|FAILED
11717985_14|LSSboost_openml|zen4|node617|60G|1|00:03:36|FAILED
11717985_17|LSSboost_openml|zen4|node601|60G|1|00:01:58|FAILED
11717985_18|LSSboost_openml|zen4|node601|60G|1|00:03:22|FAILED
11718017_0|LSSboost_openml|zen4|node601|60G|1|00:03:53|FAILED
11718017_1|LSSboost_openml|zen4|node603|60G|1|00:04:00|FAILED
11718017_2|LSSboost_openml|zen4|node603|60G|1|00:01:31|FAILED
11718017_3|LSSboost_openml|zen4|node603|60G|1|00:02:31|FAILED
11718017_4|LSSboost_openml|zen5_mpi|node705|60G|1|00:01:22|FAILED
11718017_5|LSSboost_openml|zen5_mpi|node715|60G|1|00:05:00|FAILED
11718017_6|LSSboost_openml|zen4|node616|60G|1|00:05:43|FAILED
11718017_7|LSSboost_openml|zen4|node616|60G|1|00:07:23|FAILED
11718017_8|LSSboost_openml|zen4|node603|60G|1|00:01:21|FAILED
11718017_9|LSSboost_openml|zen4|node601|60G|1|00:03:19|FAILED
11718017_10|LSSboost_openml|zen5_mpi|node705|60G|1|00:07:33|CANCELLED by 2510528
11718017_11|LSSboost_openml|zen4|node603|60G|1|00:04:46|FAILED
11718017_12|LSSboost_openml|zen4|node603|60G|1|00:01:16|FAILED
11718017_13|LSSboost_openml|zen5_mpi|node740|60G|1|00:06:31|CANCELLED by 2510528
11718017_14|LSSboost_openml|zen4|node601|60G|1|00:03:55|FAILED
11718017_15|LSSboost_openml|zen4|node617|60G|1|00:06:09|CANCELLED by 2510528
11718017_16|LSSboost_openml|zen4|node601|60G|1|00:03:09|FAILED
11718017_17|LSSboost_openml|zen4|node603|60G|1|00:02:22|FAILED
11718017_18|LSSboost_openml|zen4|node603|60G|1|00:03:18|FAILED
11732371_0|LSSboost_openml|zen4|node600|60G|1|00:25:57|COMPLETED
11732371_1|LSSboost_openml|zen4|node602|60G|1|00:34:59|COMPLETED
11732371_2|LSSboost_openml|zen4|node602|60G|1|00:26:33|COMPLETED
11732371_3|LSSboost_openml|zen4|node603|60G|1|00:22:14|COMPLETED
11732371_4|LSSboost_openml|zen4|node604|60G|1|00:28:01|COMPLETED
11732371_5|LSSboost_openml|zen4|node604|60G|1|00:37:05|COMPLETED
11732371_6|LSSboost_openml|zen4|node604|60G|1|00:42:48|COMPLETED
11732371_7|LSSboost_openml|zen4|node608|60G|1|01:09:22|COMPLETED
11732371_8|LSSboost_openml|zen4|node608|60G|1|00:23:14|COMPLETED
11732371_9|LSSboost_openml|zen4|node608|60G|1|00:26:47|COMPLETED
11732371_10|LSSboost_openml|zen4|node611|60G|1|07:19:58|OUT_OF_MEMORY
11732371_11|LSSboost_openml|zen4|node611|60G|1|00:38:57|COMPLETED
11732371_12|LSSboost_openml|zen4|node611|60G|1|00:22:52|COMPLETED
11732371_13|LSSboost_openml|zen4|node611|60G|1|02:20:27|COMPLETED
11732371_14|LSSboost_openml|zen4|node619|60G|1|00:23:49|COMPLETED
11732371_15|LSSboost_openml|zen4|node619|60G|1|02:25:15|COMPLETED
11732371_16|LSSboost_openml|zen4|node619|60G|1|00:31:32|COMPLETED
11732371_17|LSSboost_openml|zen4|node619|60G|1|00:14:26|COMPLETED
11732371_18|LSSboost_openml|zen4|node616|60G|1|00:03:31|FAILED
11732546_0|LSSboost_openml|zen4|node603|60G|1|00:24:53|COMPLETED
11732546_1|LSSboost_openml|zen4|node604|60G|1|00:33:44|COMPLETED
11732546_2|LSSboost_openml|zen4|node604|60G|1|00:33:41|COMPLETED
11732546_3|LSSboost_openml|zen4|node604|60G|1|00:22:45|COMPLETED
11732546_4|LSSboost_openml|zen4|node605|60G|1|00:40:41|COMPLETED
11732546_5|LSSboost_openml|zen4|node605|60G|1|00:44:16|COMPLETED
11732546_6|LSSboost_openml|zen4|node605|60G|1|00:49:00|COMPLETED
11732546_7|LSSboost_openml|zen4|node605|60G|1|01:09:32|COMPLETED
11732546_8|LSSboost_openml|zen4|node608|60G|1|00:26:03|COMPLETED
11732546_9|LSSboost_openml|zen4|node611|60G|1|00:29:44|COMPLETED
11732546_10|LSSboost_openml|zen4|node615|60G|1|09:52:54|COMPLETED
11732546_11|LSSboost_openml|zen4|node619|60G|1|00:40:51|COMPLETED
11732546_12|LSSboost_openml|zen4|node619|60G|1|00:17:58|COMPLETED
11732546_13|LSSboost_openml|zen4|node619|60G|1|02:42:32|COMPLETED
11732546_14|LSSboost_openml|zen5_mpi|node741|60G|1|00:36:04|COMPLETED
11732546_15|LSSboost_openml|zen4|node606|60G|1|01:29:09|COMPLETED
11732546_16|LSSboost_openml|zen4|node606|60G|1|00:37:21|COMPLETED
11732546_17|LSSboost_openml|zen4|node606|60G|1|00:15:52|COMPLETED
11732546_18|LSSboost_openml|zen4|node606|60G|1|00:04:25|FAILED
11732986_0|LSSboost_openml|zen4|node600|60G|1|00:26:44|COMPLETED
11732986_1|LSSboost_openml|zen4|node603|60G|1|00:45:36|COMPLETED
11732986_2|LSSboost_openml|zen4|node603|60G|1|00:34:42|COMPLETED
11732986_3|LSSboost_openml|zen4|node604|60G|1|00:18:28|COMPLETED
11732986_4|LSSboost_openml|zen4|node604|60G|1|00:29:57|COMPLETED
11732986_5|LSSboost_openml|zen4|node604|60G|1|01:02:30|COMPLETED
11732986_6|LSSboost_openml|zen4|node604|60G|1|00:54:06|COMPLETED
11732986_7|LSSboost_openml|zen4|node604|60G|1|01:45:46|COMPLETED
11732986_8|LSSboost_openml|zen4|node605|60G|1|00:21:26|COMPLETED
11732986_9|LSSboost_openml|zen4|node606|60G|1|00:42:02|COMPLETED
11732986_10|LSSboost_openml|zen4|node606|60G|1|12:59:21|COMPLETED
11732986_11|LSSboost_openml|zen4|node606|60G|1|01:02:53|COMPLETED
11732986_12|LSSboost_openml|zen4|node609|60G|1|00:38:04|COMPLETED
11732986_13|LSSboost_openml|zen4|node609|60G|1|03:00:36|COMPLETED
11732986_14|LSSboost_openml|zen4|node611|60G|1|00:44:34|COMPLETED
11732986_15|LSSboost_openml|zen4|node616|60G|1|02:02:18|COMPLETED
11732986_16|LSSboost_openml|zen4|node616|60G|1|00:47:09|COMPLETED
11732986_17|LSSboost_openml|zen4|node616|60G|1|00:15:46|COMPLETED
11732986_18|LSSboost_openml|zen4|node616|60G|1|00:03:25|FAILED
11733005_0|LSSboost_openml|zen4|node600|60G|1|00:29:01|COMPLETED
11733005_1|LSSboost_openml|zen4|node617|60G|1|00:41:49|COMPLETED
11733005_2|LSSboost_openml|zen4|node617|60G|1|00:32:54|COMPLETED
11733005_3|LSSboost_openml|zen5_mpi|node703|60G|1|00:28:49|COMPLETED
11733005_4|LSSboost_openml|zen5_mpi|node704|60G|1|00:44:15|COMPLETED
11733005_5|LSSboost_openml|zen5_mpi|node704|60G|1|00:45:14|COMPLETED
11733005_6|LSSboost_openml|zen5_mpi|node705|60G|1|01:00:38|COMPLETED
11733005_7|LSSboost_openml|zen5_mpi|node705|60G|1|01:41:43|COMPLETED
11733005_8|LSSboost_openml|zen5_mpi|node708|60G|1|00:44:37|COMPLETED
11733005_9|LSSboost_openml|zen5_mpi|node708|60G|1|01:04:51|COMPLETED
11733005_10|LSSboost_openml|zen5_mpi|node709|60G|1|17:21:39|COMPLETED
11733005_11|LSSboost_openml|zen5_mpi|node709|60G|1|01:04:26|COMPLETED
11733005_12|LSSboost_openml|zen5_mpi|node710|60G|1|00:33:32|COMPLETED
11733005_13|LSSboost_openml|zen5_mpi|node710|60G|1|04:20:40|COMPLETED
11733005_14|LSSboost_openml|zen5_mpi|node713|60G|1|00:43:42|COMPLETED
11733005_15|LSSboost_openml|zen5_mpi|node713|60G|1|02:15:46|COMPLETED
11733005_16|LSSboost_openml|zen5_mpi|node713|60G|1|00:55:01|COMPLETED
11733005_17|LSSboost_openml|zen5_mpi|node713|60G|1|00:21:22|COMPLETED
11733005_18|LSSboost_openml|zen5_mpi|node713|60G|1|00:03:44|FAILED
11733805_0|LSSboost_openml|zen4|node609|60G|1|00:25:15|COMPLETED
11733805_1|LSSboost_openml|zen4|node609|60G|1|00:35:17|COMPLETED
11733805_2|LSSboost_openml|zen4|node615|60G|1|00:25:18|COMPLETED
11733805_3|LSSboost_openml|zen4|node617|60G|1|00:22:25|COMPLETED
11733805_4|LSSboost_openml|zen5_mpi|node740|60G|1|00:29:31|COMPLETED
11733805_5|LSSboost_openml|zen5_mpi|node740|60G|1|00:40:27|COMPLETED
11733805_6|LSSboost_openml|zen5_mpi|node740|60G|1|00:46:39|COMPLETED
11733805_7|LSSboost_openml|zen5_mpi|node740|60G|1|01:16:48|COMPLETED
11733805_8|LSSboost_openml|zen5_mpi|node742|60G|1|00:23:36|COMPLETED
11733805_9|LSSboost_openml|zen5_mpi|node743|60G|1|00:25:51|COMPLETED
11733805_10|LSSboost_openml|zen5_mpi|node743|60G|1|07:10:32|OUT_OF_MEMORY
11733805_11|LSSboost_openml|zen4|node605|60G|1|00:37:45|COMPLETED
11733805_12|LSSboost_openml|zen4|node615|60G|1|00:22:06|COMPLETED
11733805_13|LSSboost_openml|zen4|node619|60G|1|02:16:23|COMPLETED
11733805_14|LSSboost_openml|zen4|node619|60G|1|00:23:37|COMPLETED
11733805_15|LSSboost_openml|zen4|node619|60G|1|02:27:52|COMPLETED
11733805_16|LSSboost_openml|zen4|node616|60G|1|00:30:50|COMPLETED
11733805_17|LSSboost_openml|zen4|node616|60G|1|00:13:57|COMPLETED
11733805_18|LSSboost_openml|zen4|node616|60G|1|00:03:21|FAILED
11733821_0|DGB-XGB_openml|zen5_mpi|node740|90G|1|00:16:25|COMPLETED
11733821_1|DGB-XGB_openml|zen5_mpi|node742|90G|1|00:14:46|COMPLETED
11733821_2|DGB-XGB_openml|zen5_mpi|node740|90G|1|00:17:53|COMPLETED
11733821_3|DGB-XGB_openml|zen5_mpi|node742|90G|1|00:10:11|COMPLETED
11733821_4|DGB-XGB_openml|zen5_mpi|node742|90G|1|00:18:09|COMPLETED
11733821_5|DGB-XGB_openml|zen5_mpi|node713|90G|1|00:26:15|COMPLETED
11733821_6|DGB-XGB_openml|zen5_mpi|node717|90G|1|00:22:07|COMPLETED
11733821_7|DGB-XGB_openml|zen5_mpi|node717|90G|1|02:57:45|COMPLETED
11733821_8|DGB-XGB_openml|zen5_mpi|node742|90G|1|00:12:43|COMPLETED
11733821_9|DGB-XGB_openml|zen5_mpi|node742|90G|1|00:11:57|COMPLETED
11733821_10|DGB-XGB_openml|zen5_mpi|node717|90G|1|04:35:50|COMPLETED
11733821_11|DGB-XGB_openml|zen5_mpi|node705|90G|1|00:20:47|COMPLETED
11733821_12|DGB-XGB_openml|zen5_mpi|node742|90G|1|00:10:27|COMPLETED
11733821_13|DGB-XGB_openml|zen5_mpi|node713|90G|1|05:31:32|COMPLETED
11733821_14|DGB-XGB_openml|zen5_mpi|node742|90G|1|00:24:44|COMPLETED
11733821_15|DGB-XGB_openml|zen5_mpi|node705|90G|1|00:45:20|COMPLETED
11733821_16|DGB-XGB_openml|zen5_mpi|node742|90G|1|00:09:56|COMPLETED
11733821_17|DGB-XGB_openml|zen5_mpi|node742|90G|1|00:10:57|COMPLETED
11733821_18|DGB-XGB_openml|zen5_mpi|node742|90G|1|00:03:13|FAILED
11733823_0|DGB-XGB_openml|zen5_mpi|node742|90G|1|00:31:06|COMPLETED
11733823_1|DGB-XGB_openml|zen5_mpi|node705|90G|1|01:05:13|COMPLETED
11733823_2|DGB-XGB_openml|zen5_mpi|node741|90G|1|00:25:30|COMPLETED
11733823_3|DGB-XGB_openml|zen5_mpi|node741|90G|1|00:11:07|COMPLETED
11733823_4|DGB-XGB_openml|zen5_mpi|node741|90G|1|00:20:22|COMPLETED
11733823_5|DGB-XGB_openml|zen5_mpi|node741|90G|1|00:30:53|COMPLETED
11733823_6|DGB-XGB_openml|zen5_mpi|node742|90G|1|00:33:06|COMPLETED
11733823_7|DGB-XGB_openml|zen5_mpi|node741|90G|1|07:52:22|COMPLETED
11733823_8|DGB-XGB_openml|zen5_mpi|node741|90G|1|00:40:35|COMPLETED
11733823_9|DGB-XGB_openml|zen5_mpi|node742|90G|1|00:15:45|COMPLETED
11733823_10|DGB-XGB_openml|zen5_mpi|node705|90G|1|15:08:50|COMPLETED
11733823_11|DGB-XGB_openml|zen5_mpi|node742|90G|1|00:42:26|COMPLETED
11733823_12|DGB-XGB_openml|zen5_mpi|node717|90G|1|00:21:16|COMPLETED
11733823_13|DGB-XGB_openml|zen5_mpi|node717|90G|1|11:58:44|COMPLETED
11733823_14|DGB-XGB_openml|zen5_mpi|node741|90G|1|00:46:19|COMPLETED
11733823_15|DGB-XGB_openml|zen5_mpi|node717|90G|1|04:46:38|COMPLETED
11733823_16|DGB-XGB_openml|zen5_mpi|node713|90G|1|00:13:37|COMPLETED
11733823_17|DGB-XGB_openml|zen5_mpi|node742|90G|1|00:10:28|COMPLETED
11733823_18|DGB-XGB_openml|zen5_mpi|node742|90G|1|00:03:06|FAILED
11733924_10|lsf_openml|zen4|node606|80G|8|1-00:58:42|COMPLETED
11733924_13|lsf_openml|zen4|node608|80G|8|07:44:24|COMPLETED
11749986_0|DGB-XGB_openml|zen5_mpi|node713|90G|1|00:29:37|COMPLETED
11749986_1|DGB-XGB_openml|zen5_mpi|node717|90G|1|00:23:49|COMPLETED
11749986_2|DGB-XGB_openml|zen5_mpi|node740|90G|1|00:12:26|COMPLETED
11749986_3|DGB-XGB_openml|zen5_mpi|node741|90G|1|00:10:33|COMPLETED
11749986_4|DGB-XGB_openml|zen5_mpi|node741|90G|1|00:07:52|COMPLETED
11749986_5|DGB-XGB_openml|zen5_mpi|node743|90G|1|00:19:52|COMPLETED
11749986_6|DGB-XGB_openml|zen5_mpi|node743|90G|1|00:24:31|COMPLETED
11749986_7|DGB-XGB_openml|zen5_mpi|node741|90G|1|03:23:02|COMPLETED
11749986_8|DGB-XGB_openml|zen5_mpi|node740|90G|1|00:14:11|COMPLETED
11749986_9|DGB-XGB_openml|zen5_mpi|node741|90G|1|00:40:51|COMPLETED
11749986_10|DGB-XGB_openml|zen5_mpi|node740|90G|1|05:28:49|COMPLETED
11749986_11|DGB-XGB_openml|zen5_mpi|node743|90G|1|00:22:11|COMPLETED
11749986_12|DGB-XGB_openml|zen5_mpi|node717|90G|1|00:08:47|COMPLETED
11749986_13|DGB-XGB_openml|zen5_mpi|node740|90G|1|04:40:43|COMPLETED
11749986_14|DGB-XGB_openml|zen5_mpi|node743|90G|1|00:23:36|COMPLETED
11749986_15|DGB-XGB_openml|zen5_mpi|node713|90G|1|02:02:59|COMPLETED
11749986_16|DGB-XGB_openml|zen5_mpi|node717|90G|1|00:08:06|COMPLETED
11749986_17|DGB-XGB_openml|zen5_mpi|node717|90G|1|00:08:00|COMPLETED
11749986_18|DGB-XGB_openml|zen5_mpi|node743|90G|1|00:03:02|FAILED
11749999_0|DGB-XGB_openml|zen5_mpi|node743|90G|1|00:23:35|COMPLETED
11749999_1|DGB-XGB_openml|zen5_mpi|node743|90G|1|01:00:30|COMPLETED
11749999_2|DGB-XGB_openml|zen5_mpi|node717|90G|1|00:12:38|COMPLETED
11749999_3|DGB-XGB_openml|zen5_mpi|node741|90G|1|00:10:39|COMPLETED
11749999_4|DGB-XGB_openml|zen5_mpi|node717|90G|1|00:08:39|COMPLETED
11749999_5|DGB-XGB_openml|zen5_mpi|node741|90G|1|00:18:41|COMPLETED
11749999_6|DGB-XGB_openml|zen5_mpi|node743|90G|1|00:25:02|COMPLETED
11749999_7|DGB-XGB_openml|zen5_mpi|node717|90G|1|03:56:48|COMPLETED
11749999_8|DGB-XGB_openml|zen5_mpi|node742|90G|1|00:16:05|COMPLETED
11749999_9|DGB-XGB_openml|zen5_mpi|node741|90G|1|00:40:34|COMPLETED
11749999_10|DGB-XGB_openml|zen5_mpi|node742|90G|1|08:53:17|COMPLETED
11749999_11|DGB-XGB_openml|zen5_mpi|node743|90G|1|00:18:34|COMPLETED
11749999_12|DGB-XGB_openml|zen5_mpi|node740|90G|1|00:09:27|COMPLETED
11749999_13|DGB-XGB_openml|zen5_mpi|node740|90G|1|03:53:55|COMPLETED
11749999_14|DGB-XGB_openml|zen5_mpi|node717|90G|1|00:15:59|COMPLETED
11749999_15|DGB-XGB_openml|zen5_mpi|node743|90G|1|01:30:54|COMPLETED
11749999_16|DGB-XGB_openml|zen5_mpi|node743|90G|1|00:08:19|COMPLETED
11749999_17|DGB-XGB_openml|zen5_mpi|node743|90G|1|00:08:34|COMPLETED
11749999_18|DGB-XGB_openml|zen5_mpi|node741|90G|1|00:03:00|FAILED
11750058_0|LSSboost_openml|zen4|node605|60G|1|00:27:14|COMPLETED
11750058_1|LSSboost_openml|zen4|node605|60G|1|00:42:30|COMPLETED
11750058_2|LSSboost_openml|zen4|node605|60G|1|00:27:19|COMPLETED
11750058_3|LSSboost_openml|zen4|node611|60G|1|00:24:11|COMPLETED
11750058_4|LSSboost_openml|zen4|node611|60G|1|00:31:51|COMPLETED
11750058_5|LSSboost_openml|zen4|node611|60G|1|00:39:54|COMPLETED
11750058_6|LSSboost_openml|zen4|node617|60G|1|00:48:18|COMPLETED
11750058_7|LSSboost_openml|zen4|node617|60G|1|01:12:35|COMPLETED
11750058_8|LSSboost_openml|zen4|node618|60G|1|00:26:24|COMPLETED
11750058_9|LSSboost_openml|zen4|node618|60G|1|00:28:50|COMPLETED
11750058_10|LSSboost_openml|zen4|node602|60G|1|07:29:07|OUT_OF_MEMORY
11750058_11|LSSboost_openml|zen4|node605|60G|1|00:38:23|COMPLETED
11750058_12|LSSboost_openml|zen4|node601|60G|1|00:22:20|COMPLETED
11750058_13|LSSboost_openml|zen4|node603|60G|1|02:22:44|COMPLETED
11750058_14|LSSboost_openml|zen4|node602|60G|1|00:23:10|COMPLETED
11750058_15|LSSboost_openml|zen4|node604|60G|1|02:28:20|COMPLETED
11750058_16|LSSboost_openml|zen4|node600|60G|1|00:32:04|COMPLETED
11750058_17|LSSboost_openml|zen4|node611|60G|1|00:13:51|COMPLETED
11750058_18|LSSboost_openml|zen4|node601|60G|1|00:02:58|FAILED
11750069_0|LSSboost_openml|zen4|node618|60G|1|00:25:45|COMPLETED
11750069_1|LSSboost_openml|zen4|node605|60G|1|00:30:37|COMPLETED
11750069_2|LSSboost_openml|zen4|node605|60G|1|00:33:44|COMPLETED
11750069_3|LSSboost_openml|zen4|node601|60G|1|00:23:22|COMPLETED
11750069_4|LSSboost_openml|zen4|node618|60G|1|00:39:35|COMPLETED
11750069_5|LSSboost_openml|zen4|node602|60G|1|00:44:56|COMPLETED
11750069_6|LSSboost_openml|zen4|node611|60G|1|00:48:16|COMPLETED
11750069_7|LSSboost_openml|zen4|node611|60G|1|01:09:27|COMPLETED
11750069_8|LSSboost_openml|zen4|node611|60G|1|00:26:07|COMPLETED
11750069_9|LSSboost_openml|zen4|node605|60G|1|00:30:41|COMPLETED
11750069_10|LSSboost_openml|zen4|node605|60G|1|09:40:21|COMPLETED
11750069_11|LSSboost_openml|zen4|node617|60G|1|00:42:28|COMPLETED
11750069_12|LSSboost_openml|zen4|node601|60G|1|00:17:32|COMPLETED
11750069_13|LSSboost_openml|zen4|node618|60G|1|02:53:56|COMPLETED
11750069_14|LSSboost_openml|zen4|node600|60G|1|00:39:16|COMPLETED
11750069_15|LSSboost_openml|zen5_mpi|node718|60G|1|01:11:14|COMPLETED
11750069_16|LSSboost_openml|zen4|node605|60G|1|00:35:41|COMPLETED
11750069_17|LSSboost_openml|zen4|node605|60G|1|00:14:38|COMPLETED
11750069_18|LSSboost_openml|zen4|node611|60G|1|00:03:01|FAILED
11752126_0|LSSboost_openml|zen5_mpi|node711|60G|1|00:28:18|COMPLETED
11752126_1|LSSboost_openml|zen5_mpi|node713|60G|1|00:34:44|COMPLETED
11752126_2|LSSboost_openml|zen5_mpi|node713|60G|1|00:33:14|COMPLETED
11752126_3|LSSboost_openml|zen5_mpi|node713|60G|1|00:22:39|COMPLETED
11752126_4|LSSboost_openml|zen5_mpi|node719|60G|1|00:35:03|COMPLETED
11752126_5|LSSboost_openml|zen5_mpi|node719|60G|1|00:44:20|COMPLETED
11752126_6|LSSboost_openml|zen4|node602|60G|1|00:49:36|COMPLETED
11752126_7|LSSboost_openml|zen4|node601|60G|1|01:05:08|COMPLETED
11752126_8|LSSboost_openml|zen5_mpi|node711|60G|1|00:21:38|COMPLETED
11752126_9|LSSboost_openml|zen5_mpi|node717|60G|1|00:32:24|COMPLETED
11752126_10|LSSboost_openml|zen5_mpi|node717|60G|1|03:00:13|OUT_OF_MEMORY
11752126_11|LSSboost_openml|zen4|node608|60G|1|00:44:09|COMPLETED
11752126_12|LSSboost_openml|zen4|node614|60G|1|00:29:13|COMPLETED
11752126_13|LSSboost_openml|zen4|node601|60G|1|02:12:09|COMPLETED
11752126_14|LSSboost_openml|zen5_mpi|node711|60G|1|00:33:17|COMPLETED
11752126_15|LSSboost_openml|zen5_mpi|node719|60G|1|01:51:18|COMPLETED
11752126_16|LSSboost_openml|zen5_mpi|node741|60G|1|00:25:35|COMPLETED
11752126_17|LSSboost_openml|zen5_mpi|node741|60G|1|00:17:19|COMPLETED
11752126_18|LSSboost_openml|zen5_mpi|node741|60G|1|00:03:09|FAILED
11752184_0|LSSboost_openml|zen5_mpi|node717|60G|1|00:26:48|COMPLETED
11752184_1|LSSboost_openml|zen5_mpi|node719|60G|1|00:30:17|COMPLETED
11752184_2|LSSboost_openml|zen5_mpi|node741|60G|1|00:35:17|COMPLETED
11752184_3|LSSboost_openml|zen5_mpi|node741|60G|1|00:22:14|COMPLETED
11752184_4|LSSboost_openml|zen5_mpi|node743|60G|1|00:30:55|COMPLETED
11752184_5|LSSboost_openml|zen5_mpi|node741|60G|1|00:43:42|COMPLETED
11752184_6|LSSboost_openml|zen5_mpi|node717|60G|1|00:42:54|COMPLETED
11752184_7|LSSboost_openml|zen5_mpi|node742|60G|1|01:09:40|COMPLETED
11752184_8|LSSboost_openml|zen4|node617|60G|1|00:24:18|COMPLETED
11752184_9|LSSboost_openml|zen4|node602|60G|1|00:30:18|COMPLETED
11752184_10|LSSboost_openml|zen5_mpi|node741|60G|1|03:11:03|OUT_OF_MEMORY
11752184_11|LSSboost_openml|zen5_mpi|node743|60G|1|00:45:59|COMPLETED
11752184_12|LSSboost_openml|zen5_mpi|node743|60G|1|00:31:21|COMPLETED
11752184_13|LSSboost_openml|zen5_mpi|node743|60G|1|02:15:21|COMPLETED
11752184_14|LSSboost_openml|zen5_mpi|node743|60G|1|00:35:38|COMPLETED
11752184_15|LSSboost_openml|zen5_mpi|node713|60G|1|01:50:38|COMPLETED
11752184_16|LSSboost_openml|zen5_mpi|node711|60G|1|00:25:21|COMPLETED
11752184_17|LSSboost_openml|zen5_mpi|node713|60G|1|00:17:11|COMPLETED
11752184_18|LSSboost_openml|zen4|node605|60G|1|00:03:41|FAILED
11752710_0|DGB-XGB_openml|zen5_mpi|node708|90G|1|00:15:06|COMPLETED
11752710_1|DGB-XGB_openml|zen5_mpi|node708|90G|1|00:18:53|COMPLETED
11752710_2|DGB-XGB_openml|zen5_mpi|node710|90G|1|00:26:02|COMPLETED
11752710_3|DGB-XGB_openml|zen5_mpi|node711|90G|1|00:09:15|COMPLETED
11752710_4|DGB-XGB_openml|zen5_mpi|node715|90G|1|00:13:39|COMPLETED
11752710_5|DGB-XGB_openml|zen5_mpi|node715|90G|1|00:17:07|COMPLETED
11752710_6|DGB-XGB_openml|zen5_mpi|node717|90G|1|00:16:55|COMPLETED
11752710_7|DGB-XGB_openml|zen5_mpi|node717|90G|1|03:27:13|COMPLETED
11752710_8|DGB-XGB_openml|zen5_mpi|node718|90G|1|00:10:43|COMPLETED
11752710_9|DGB-XGB_openml|zen5_mpi|node718|90G|1|00:12:27|COMPLETED
11752710_10|DGB-XGB_openml|zen5_mpi|node741|90G|1|05:18:34|COMPLETED
11752710_11|DGB-XGB_openml|zen5_mpi|node741|90G|1|00:17:59|COMPLETED
11752710_12|DGB-XGB_openml|zen5_mpi|node707|90G|1|00:07:25|COMPLETED
11752710_13|DGB-XGB_openml|zen5_mpi|node701|90G|1|06:40:26|COMPLETED
11752710_14|DGB-XGB_openml|zen5_mpi|node742|90G|1|00:15:47|COMPLETED
11752710_15|DGB-XGB_openml|zen5_mpi|node742|90G|1|00:52:11|COMPLETED
11752710_16|DGB-XGB_openml|zen5_mpi|node707|90G|1|00:07:09|COMPLETED
11752710_17|DGB-XGB_openml|zen5_mpi|node707|90G|1|00:06:00|COMPLETED
11752710_18|DGB-XGB_openml|zen5_mpi|node711|90G|1|00:03:06|FAILED
11756568_10|LSSboost_openml|zen4|node616|80G|1|03:05:24|OUT_OF_MEMORY
11757226_0|LSSboost_openml|zen5_mpi|node743|80G|1|00:37:08|COMPLETED
11757226_1|LSSboost_openml|zen5_mpi|node713|80G|1|00:55:42|COMPLETED
11757226_2|LSSboost_openml|zen4|node613|80G|1|00:38:07|COMPLETED
11757226_3|LSSboost_openml|zen5_mpi|node741|80G|1|00:26:13|COMPLETED
11757226_4|LSSboost_openml|zen4|node617|80G|1|00:42:03|COMPLETED
11757226_5|LSSboost_openml|zen5_mpi|node741|80G|1|00:46:29|COMPLETED
11757226_6|LSSboost_openml|zen5_mpi|node717|80G|1|00:59:08|COMPLETED
11757226_7|LSSboost_openml|zen5_mpi|node719|80G|1|01:33:38|COMPLETED
11757226_8|LSSboost_openml|zen5_mpi|node742|80G|1|00:25:03|COMPLETED
11757226_9|LSSboost_openml|zen4|node603|80G|1|00:38:04|COMPLETED
11757226_10|LSSboost_openml|zen4|node612|80G|1|13:48:28|COMPLETED
11757226_11|LSSboost_openml|zen5_mpi|node708|80G|1|01:05:32|COMPLETED
11757226_12|LSSboost_openml|zen5_mpi|node715|80G|1|00:24:28|COMPLETED
11757226_13|LSSboost_openml|zen4|node602|80G|1|03:49:45|COMPLETED
11757226_14|LSSboost_openml|zen5_mpi|node718|80G|1|00:40:47|COMPLETED
11757226_15|LSSboost_openml|zen5_mpi|node741|80G|1|01:26:29|COMPLETED
11757226_16|LSSboost_openml|zen5_mpi|node707|80G|1|00:30:43|COMPLETED
11757226_17|LSSboost_openml|zen5_mpi|node713|80G|1|00:19:58|COMPLETED
11767116_0|LSSboost_uci|zen5_mpi|node701|60G|1|00:05:13|FAILED
11767116_1|LSSboost_uci|zen5_mpi|node711|60G|1|00:06:20|FAILED
11767116_2|LSSboost_uci|zen5_mpi|node715|60G|1|00:07:25|FAILED
11767116_3|LSSboost_uci|zen5_mpi|node717|60G|1|00:16:48|FAILED
11767116_4|LSSboost_uci|zen5_mpi|node719|60G|1|00:14:29|FAILED
11767116_5|LSSboost_uci|zen4|node617|60G|1|00:19:57|FAILED
11767116_6|LSSboost_uci|zen5_mpi|node743|60G|1|00:37:49|FAILED
11767116_7|LSSboost_uci|zen4|node611|60G|1|00:06:27|FAILED
11767116_8|LSSboost_uci|zen4|node611|60G|1|00:06:17|FAILED
11767116_9|LSSboost_uci|zen4|node602|60G|1|19:33:32|FAILED
11767272_0|XGLSSboost_uci|zen5_mpi|node701|40G|1|00:01:44|FAILED
11767272_1|XGLSSboost_uci|zen5_mpi|node707|40G|1|00:02:14|FAILED
11767272_2|XGLSSboost_uci|zen5_mpi|node711|40G|1|00:01:56|FAILED
11767272_3|XGLSSboost_uci|zen5_mpi|node713|40G|1|00:04:21|FAILED
11767272_4|XGLSSboost_uci|zen5_mpi|node718|40G|1|00:03:06|FAILED
11767272_5|XGLSSboost_uci|zen5_mpi|node718|40G|1|00:02:33|FAILED
11767272_6|XGLSSboost_uci|zen5_mpi|node741|40G|1|00:08:34|FAILED
11767272_7|XGLSSboost_uci|zen5_mpi|node715|40G|1|00:02:14|FAILED
11767272_8|XGLSSboost_uci|zen4|node616|40G|1|00:01:49|FAILED
11767272_9|XGLSSboost_uci|zen4|node611|40G|1|01:31:30|FAILED
11793856_0|LSSboost_uci|zen4|node603|60G|1|00:01:17|FAILED
11793856_1|LSSboost_uci|zen4|node603|60G|1|00:01:16|FAILED
11793856_2|LSSboost_uci|zen4|node607|60G|1|00:01:15|FAILED
11793856_3|LSSboost_uci|zen4|node611|60G|1|00:57:17|FAILED
11793856_4|LSSboost_uci|zen5_mpi|node704|60G|1|00:59:32|FAILED
11793856_5|LSSboost_uci|zen5_mpi|node704|60G|1|00:44:42|FAILED
11793856_6|LSSboost_uci|zen5_mpi|node705|60G|1|01:32:55|FAILED
11793856_7|LSSboost_uci|zen5_mpi|node706|60G|1|00:01:25|FAILED
11793856_8|LSSboost_uci|zen5_mpi|node706|60G|1|00:01:24|FAILED
11793856_9|LSSboost_uci|zen5_mpi|node707|60G|1|1-04:29:02|FAILED
11793866_0|XGLSSboost_uci|zen4|node607|40G|1|00:01:01|FAILED
11793866_1|XGLSSboost_uci|zen4|node610|40G|1|00:01:04|FAILED
11793866_2|XGLSSboost_uci|zen4|node612|40G|1|00:01:01|FAILED
11793866_3|XGLSSboost_uci|zen5_mpi|node704|40G|1|03:32:38|COMPLETED
11793866_4|XGLSSboost_uci|zen5_mpi|node708|40G|1|01:34:28|COMPLETED
11793866_5|XGLSSboost_uci|zen5_mpi|node709|40G|1|01:12:26|COMPLETED
11793866_6|XGLSSboost_uci|zen5_mpi|node709|40G|1|00:59:27|COMPLETED
11793866_7|XGLSSboost_uci|zen5_mpi|node710|40G|1|00:01:01|FAILED
11793866_8|XGLSSboost_uci|zen5_mpi|node710|40G|1|00:01:01|FAILED
11793866_9|XGLSSboost_uci|zen5_mpi|node710|40G|1|01:36:51|COMPLETED
11793975_0|PGBM_openml|ampere_gpu|node409|60G|1|00:16:48|COMPLETED
11793975_1|PGBM_openml|ampere_gpu|node409|60G|1|00:13:30|COMPLETED
11793975_2|PGBM_openml|ampere_gpu|node409|60G|1|00:13:39|COMPLETED
11793975_3|PGBM_openml|ampere_gpu|node409|60G|1|00:13:54|COMPLETED
11793975_4|PGBM_openml|ampere_gpu|node403|60G|1|00:13:45|COMPLETED
11793975_5|PGBM_openml|ampere_gpu|node408|60G|1|00:14:31|COMPLETED
11793975_6|PGBM_openml|ampere_gpu|node408|60G|1|00:14:00|COMPLETED
11793975_7|PGBM_openml|ampere_gpu|node403|60G|1|00:14:05|COMPLETED
11793975_8|PGBM_openml|ampere_gpu|node408|60G|1|00:14:57|COMPLETED
11793975_9|PGBM_openml|ampere_gpu|node408|60G|1|00:14:10|COMPLETED
11793975_10|PGBM_openml|ampere_gpu|node402|60G|1|00:01:06|FAILED
11793975_11|PGBM_openml|ampere_gpu|node402|60G|1|00:14:34|COMPLETED
11793975_12|PGBM_openml|ampere_gpu|node402|60G|1|00:14:15|COMPLETED
11793975_13|PGBM_openml|ampere_gpu|node403|60G|1|00:12:51|COMPLETED
11793975_14|PGBM_openml|ampere_gpu|node400|60G|1|00:14:05|COMPLETED
11793975_15|PGBM_openml|ampere_gpu|node400|60G|1|00:14:26|COMPLETED
11793975_16|PGBM_openml|ampere_gpu|node408|60G|1|00:12:28|COMPLETED
11793975_17|PGBM_openml|ampere_gpu|node408|60G|1|00:12:04|COMPLETED
11793975_18|PGBM_openml|ampere_gpu|node402|60G|1|00:04:18|FAILED
11803285_4|lsf_uci|zen5_mpi|node703|90G|8|05:10:35|FAILED
11820048_4|lsf_uci|zen5_mpi|node714|90G|8|04:54:07|COMPLETED
